Word,3singular,Present Participle,Simple Past,Past Participle, isRegular
abandon,abandons,abandoning,abandoned,abandoned,true
abolish,abolishes,abolishing,abolished,abolished,true
absorb,absorbs,absorbing,absorbed,absorbed,true
accelerate,accelerates,accelerating,accelerated,accelerated,true
accept,accepts,accepting,accepted,accepted,true
access,accesses,accessing,accessed,accessed,true
accommodate,accommodates,accommodating,accommodated,accommodated,true
accompany,accompanies,accompanying,accompanied,accompanied,true
account,accounts,accounting,accounted,accounted,true
accumulate,accumulates,accumulating,accumulated,accumulated,true
accuse,accuses,accusing,accused,accused,true
achieve,achieves,achieving,achieved,achieved,true
acknowledge,acknowledges,acknowledging,acknowledged,acknowledged,true
acquire,acquires,acquiring,acquired,acquired,true
act,acts,acting,acted,acted,true
adapt,adapts,adapting,adapted,adapted,true
add,adds,adding,added,added,true
address,addresses,addressing,addressed,addressed,true
adhere,adheres,adhering,adhered,adhered,true
adjust,adjusts,adjusting,adjusted,adjusted,true
administer,administers,administering,administered,administered,true
admire,admires,admiring,admired,admired,true
admit,admits,admitting,admitted,admitted,true
adopt,adopts,adopting,adopted,adopted,true
advance,advances,advancing,advanced,advanced,true
advertise,advertises,advertising,advertised,advertised,true
advise,advises,advising,advised,advised,true
affect,affects,affecting,affected,affected,true
afford,affords,affording,afforded,afforded,true
agree,agrees,agreeing,agreed,agreed,true
aid,aids,aiding,aided,aided,true
aim,aims,aiming,aimed,aimed,true
alert,alerts,alerting,alerted,alerted,true
alleviate,alleviates,alleviating,alleviated,alleviated,true
allocate,allocates,allocating,allocated,allocated,true
allow,allows,allowing,allowed,allowed,true
alter,alters,altering,altered,altered,true
amend,amends,amending,amended,amended,true
amount,amounts,amounting,amounted,amounted,true
analyse,analyses,analysing,analysed,analysed,true
anger,angers,angering,angered,angered,true
announce,announces,announcing,announced,announced,true
answer,answers,answering,answered,answered,true
anticipate,anticipates,anticipating,anticipated,anticipated,true
apologise,apologises,apologising,apologised,apologised,true
appeal,appeals,appealing,appealed,appealed,true
appear,appears,appearing,appeared,appeared,true
apply,applies,applying,applied,applied,true
appoint,appoints,appointing,appointed,appointed,true
appreciate,appreciates,appreciating,appreciated,appreciated,true
approach,approaches,approaching,approached,approached,true
approve,approves,approving,approved,approved,true
argue,argues,arguing,argued,argued,true
arise,arises,arising,arose,arisen,false
arrange,arranges,arranging,arranged,arranged,true
arrest,arrests,arresting,arrested,arrested,true
arrive,arrives,arriving,arrived,arrived,true
ascertain,ascertains,ascertaining,ascertained,ascertained,true
ask,asks,asking,asked,asked,true
assemble,assembles,assembling,assembled,assembled,true
assert,asserts,asserting,asserted,asserted,true
assess,assesses,assessing,assessed,assessed,true
assign,assigns,assigning,assigned,assigned,true
assist,assists,assisting,assisted,assisted,true
associate,associates,associating,associated,associated,true
assume,assumes,assuming,assumed,assumed,true
assure,assures,assuring,assured,assured,true
attach,attaches,attaching,attached,attached,true
attack,attacks,attacking,attacked,attacked,true
attain,attains,attaining,attained,attained,true
attempt,attempts,attempting,attempted,attempted,true
attend,attends,attending,attended,attended,true
attract,attracts,attracting,attracted,attracted,true
attribute,attributes,attributing,attributed,attributed,true
avoid,avoids,avoiding,avoided,avoided,true
await,awaits,awaiting,awaited,awaited,true
award,awards,awarding,awarded,awarded,true
back,backs,backing,backed,backed,true
bake,bakes,baking,baked,baked,true
balance,balances,balancing,balanced,balanced,true
ban,bans,banning,banned,banned,true
bang,bangs,banging,banged,banged,true
base,bases,basing,based,based,true
bear,bears,bearing,beared,beared,true
beat,beats,beating,beat,beaten,false
become,becomes,becoming,became,become,false
beg,begs,begging,begged,begged,true
begin,begins,beginning,began,begun,false
behave,behaves,behaving,behaved,behaved,true
believe,believes,believing,believed,believed,true
belong,belongs,belonging,belonged,belonged,true
bend,bends,bending,bent,bent,false
benefit,benefits,benefiting,benefited,benefited,true
bet,bets,betting,bet,bet,false
bid,bids,bidding,bid,bid,false
bind,binds,binding,bound,bound,false
bite,bites,biting,bit,bitten,false
blame,blames,blaming,blamed,blamed,true
blend,blends,blending,blended,blended,true
bless,blesses,blessing,blest,blest,false
block,blocks,blocking,blocked,blocked,true
blow,blows,blowing,blew,blown,false
board,boards,boarding,boarded,boarded,true
boil,boils,boiling,boiled,boiled,true
book,books,booking,booked,booked,true
boost,boosts,boosting,boosted,boosted,true
borrow,borrows,borrowing,borrowed,borrowed,true
bother,bothers,bothering,bothered,bothered,true
bounce,bounces,bouncing,bounced,bounced,true
break,breaks,breaking,broke,broken,false
breathe,breathes,breathing,breathed,breathed,true
breed,breeds,breeding,bred,bred,true
bring,brings,bringing,brought,brought,false
broadcast,broadcasts,broadcasting,broadcast,broadcast,false
brush,brushes,brushing,brushed,brushed,true
build,builds,building,built,built,false
burn,burns,burning,burned,burned,true
burst,bursts,bursting,burst,burst,false
bury,buries,burying,buried,buried,true
buy,buys,buying,bought,bought,false
calculate,calculates,calculating,calculated,calculated,true
call,calls,calling,called,called,true
calm,calms,calming,calmed,calmed,true
campaign,campaigns,campaigning,campaigned,campaigned,true
cancel,cancels,cancelling,cancelled,cancelled,true
capture,captures,capturing,captured,captured,true
care,cares,caring,cared,cared,true
carry,carries,carrying,carried,carried,true
cash,cashes,cashing,cashed,cashed,true
cast,casts,casting,cast,cast,false
catch,catches,catching,caught,caught,false
cater,caters,catering,catered,catered,true
cause,causes,causing,caused,caused,true
cease,ceases,ceasing,ceased,ceased,true
celebrate,celebrates,celebrating,celebrated,celebrated,true
challenge,challenges,challenging,challenged,challenged,true
change,changes,changing,changed,changed,true
charge,charges,charging,charged,charged,true
chase,chases,chasing,chased,chased,true
chat,chats,chatting,chatted,chatted,true
check,checks,checking,checked,checked,true
cheer,cheers,cheering,cheered,cheered,true
choose,chooses,choosing,chose,chosen,false
chuck,chucks,chucking,chucked,chucked,true
claim,claims,claiming,claimed,claimed,true
clarify,clarifies,clarifying,clarified,clarified,true
classify,classifies,classifying,classified,classified,true
clean,cleans,cleaning,cleaned,cleaned,true
clear,clears,clearing,cleared,cleared,true
climb,climbs,climbing,climbed,climbed,true
cling,clings,clinging,clung,clung,false
close,closes,closing,closed,closed,true
co-operate,co-operates,co-operating,co-operated,co-operated,true
co-ordinate,co-ordinates,co-ordinating,co-ordinated,co-ordinated,true
coach,coaches,coaching,coached,coached,true
coincide,coincides,coinciding,coincided,coincided,true
collapse,collapses,collapsing,collapsed,collapsed,true
collect,collects,collecting,collected,collected,true
colour,colours,colouring,coloured,coloured,true
combat,combats,combatting,combatted,combatted,true
combine,combines,combining,combined,combined,true
come,comes,coming,came,come,false
comfort,comforts,comforting,comforted,comforted,true
command,commands,commanding,commanded,commanded,true
commence,commences,commencing,commenced,commenced,true
comment,comments,commenting,commented,commented,true
commit,commits,committing,committed,committed,true
communicate,communicates,communicating,communicated,communicated,true
compare,compares,comparing,compared,compared,true
compensate,compensates,compensating,compensated,compensated,true
compete,competes,competing,competed,competed,true
complain,complains,complaining,complained,complained,true
complement,complements,complementing,complemented,complemented,true
complete,completes,completing,completed,completed,true
comply,complies,complying,complied,complied,true
comprehend,comprehends,comprehending,comprehended,comprehended,true
comprise,comprises,comprising,comprised,comprised,true
compromise,compromises,compromising,compromised,compromised,true
conceal,conceals,concealing,concealed,concealed,true
concede,concedes,conceding,conceded,conceded,true
conceive,conceives,conceiving,conceived,conceived,true
concentrate,concentrates,concentrating,concentrated,concentrated,true
concern,concerns,concerning,concerned,concerned,true
conclude,concludes,concluding,concluded,concluded,true
condemn,condemns,condemning,condemned,condemned,true
conduct,conducts,conducting,conducted,conducted,true
confer,confers,conferring,conferred,conferred,true
confess,confesses,confessing,confessed,confessed,true
confirm,confirms,confirming,confirmed,confirmed,true
conform,conforms,conforming,conformed,conformed,true
confront,confronts,confronting,confronted,confronted,true
confuse,confuses,confusing,confused,confused,true
congratulate,congratulates,congratulating,congratulated,congratulated,true
connect,connects,connecting,connected,connected,true
consider,considers,considering,considered,considered,true
consist,consists,consisting,consisted,consisted,true
consolidate,consolidates,consolidating,consolidated,consolidated,true
constitute,constitutes,constituting,constituted,constituted,true
construct,constructs,constructing,constructed,constructed,true
consult,consults,consulting,consulted,consulted,true
consume,consumes,consuming,consumed,consumed,true
contact,contacts,contacting,contacted,contacted,true
contain,contains,containing,contained,contained,true
contemplate,contemplates,contemplating,contemplated,contemplated,true
contend,contends,contending,contended,contended,true
continue,continues,continuing,continued,continued,true
contract,contracts,contracting,contracted,contracted,true
contrast,contrasts,contrasting,contrasted,contrasted,true
contribute,contributes,contributing,contributed,contributed,true
control,controls,controlling,controlled,controlled,true
convert,converts,converting,converted,converted,true
convey,conveys,conveying,conveyed,conveyed,true
convince,convinces,convincing,convinced,convinced,true
cook,cooks,cooking,cooked,cooked,true
cool,cools,cooling,cooled,cooled,true
cope,copes,coping,coped,coped,true
copy,copies,copying,copied,copied,true
correct,corrects,correcting,corrected,corrected,true
correspond,corresponds,corresponding,corresponded,corresponded,true
cost,costs,costing,cost,cost,false
count,counts,counting,counted,counted,true
counter,counters,countering,countered,countered,true
cover,covers,covering,covered,covered,true
crack,cracks,cracking,cracked,cracked,true
crash,crashes,crashing,crashed,crashed,true
create,creates,creating,created,created,true
creep,creeps,creeping,crept,crept,false
criticise,criticises,criticising,criticised,criticised,true
cross,crosses,crossing,crossed,crossed,true
cry,cries,crying,cried,cried,true
curb,curbs,curbing,curbed,curbed,true
cure,cures,curing,cured,cured,true
cut,cuts,cutting,cut,cut,false
damage,damages,damaging,damaged,damaged,true
damn,damns,damning,damned,damned,true
dance,dances,dancing,danced,danced,true
dare,dare,daring,dared,dared,true
date,dates,dating,dated,dated,true
deal,deals,dealing,dealt,dealt,false
debate,debates,debating,debated,debated,true
decide,decides,deciding,decided,decided,true
declare,declares,declaring,declared,declared,true
decline,declines,declining,declined,declined,true
decorate,decorates,decorating,decorated,decorated,true
decrease,decreases,decreasing,decreased,decreased,true
defeat,defeats,defeating,defeated,defeated,true
defend,defends,defending,defended,defended,true
define,defines,defining,defined,defined,true
delay,delays,delaying,delayed,delayed,true
delete,deletes,deleting,deleted,deleted,true
deliver,delivers,delivering,delivered,delivered,true
demand,demands,demanding,demanded,demanded,true
demonstrate,demonstrates,demonstrating,demonstrated,demonstrated,true
deny,denies,denying,denied,denied,true
depart,departs,departing,departed,departed,true
depend,depends,depending,depended,depended,true
derive,derives,deriving,derived,derived,true
descend,descends,descending,descended,descended,true
describe,describes,describing,described,described,true
deserve,deserves,deserving,deserved,deserved,true
design,designs,designing,designed,designed,true
desire,desires,desiring,desired,desired,true
destroy,destroys,destroying,destroyed,destroyed,true
detect,detects,detecting,detected,detected,true
deter,deters,deterring,deterred,deterred,true
determine,determines,determining,determined,determined,true
develop,develops,developing,developed,developed,true
devise,devises,devising,devised,devised,true
devote,devotes,devoting,devoted,devoted,true
dictate,dictates,dictating,dictated,dictated,true
die,dies,dying,died,died,true
differ,differs,differing,differed,differed,true
differentiate,differentiates,differentiating,differentiated,differentiated,true
dig,digs,digging,dug,dug,false
diminish,diminishes,diminishing,diminished,diminished,true
dip,dips,dipping,dipped,dipped,true
direct,directs,directing,directed,directed,true
disagree,disagrees,disagreeing,disagreed,disagreed,true
disappear,disappears,disappearing,disappeared,disappeared,true
discharge,discharges,discharging,discharged,discharged,true
disclose,discloses,disclosing,disclosed,disclosed,true
discourage,discourages,discouraging,discouraged,discouraged,true
discover,discovers,discovering,discovered,discovered,true
discriminate,discriminates,discriminating,discriminated,discriminated,true
discuss,discusses,discussing,discussed,discussed,true
disguise,disguises,disguising,disguised,disguised,true
dislike,dislikes,disliking,disliked,disliked,true
dismiss,dismisses,dismissing,dismissed,dismissed,true
display,displays,displaying,displayed,displayed,true
dispose,disposes,disposing,disposed,disposed,true
disrupt,disrupts,disrupting,disrupted,disrupted,true
dissolve,dissolves,dissolving,dissolved,dissolved,true
distinguish,distinguishes,distinguishing,distinguished,distinguished,true
distribute,distributes,distributing,distributed,distributed,true
disturb,disturbs,disturbing,disturbed,disturbed,true
divert,diverts,diverting,diverted,diverted,true
divide,divides,dividing,divided,divided,true
divorce,divorces,divorcing,divorced,divorced,true
do,does,doing,did,done,false
dominate,dominates,dominating,dominated,dominated,true
double,doubles,doubling,doubled,doubled,true
doubt,doubts,doubting,doubted,doubted,true
draft,drafts,drafting,drafted,drafted,true
drag,drags,dragging,dragged,dragged,true
drain,drains,draining,drained,drained,true
draw,draws,drawing,drew,drawn,false
dream,dreams,dreaming,dreamed,dreamed,true
dress,dresses,dressing,dressed,dressed,true
drift,drifts,drifting,drifted,drifted,true
drink,drinks,drinking,drank,drunk,false
drive,drives,driving,drove,driven,false
drop,drops,dropping,dropped,dropped,true
drown,drowns,drowning,drowned,drowned,true
dwell,dwells,dwelling,dwelt,dwelt,false
earn,earns,earning,earned,earned,true
ease,eases,easing,eased,eased,true
eat,eats,eating,ate,eaten,false
echo,echoes,echoing,echoed,echoed,true
edit,edits,editing,edited,edited,true
educate,educates,educating,educated,educated,true
effect,effects,effecting,effected,effected,true
elect,elects,electing,elected,elected,true
eliminate,eliminates,eliminating,eliminated,eliminated,true
embark,embarks,embarking,embarked,embarked,true
embrace,embraces,embracing,embraced,embraced,true
emerge,emerges,emerging,emerged,emerged,true
emphasize,emphasizes,emphasizing,emphasized,emphasized,true
employ,employs,employing,employed,employed,true
empty,empties,emptying,emptied,emptied,true
enable,enables,enabling,enabled,enabled,true
enclose,encloses,enclosing,enclosed,enclosed,true
encounter,encounters,encountering,encountered,encountered,true
encourage,encourages,encouraging,encouraged,encouraged,true
end,ends,ending,ended,ended,true
endorse,endorses,endorsing,endorsed,endorsed,true
endure,endures,enduring,endured,endured,true
enforce,enforces,enforcing,enforced,enforced,true
engage,engages,engaging,engaged,engaged,true
enhance,enhances,enhancing,enhanced,enhanced,true
enjoy,enjoys,enjoying,enjoyed,enjoyed,true
enquire,enquires,enquiring,enquired,enquired,true
ensure,ensures,ensuring,ensured,ensured,true
entail,entails,entailing,entailed,entailed,true
enter,enters,entering,entered,entered,true
entertain,entertains,entertaining,entertained,entertained,true
envisage,envisages,envisaging,envisaged,envisaged,true
escape,escapes,escaping,escaped,escaped,true
establish,establishes,establishing,established,established,true
estimate,estimates,estimating,estimated,estimated,true
evaluate,evaluates,evaluating,evaluated,evaluated,true
evolve,evolves,evolving,evolved,evolved,true
examine,examines,examining,examined,examined,true
exceed,exceeds,exceeding,exceeded,exceeded,true
exchange,exchanges,exchanging,exchanged,exchanged,true
exclude,excludes,excluding,excluded,excluded,true
excuse,excuses,excusing,excused,excused,true
execute,executes,executing,executed,executed,true
exercise,exercises,exercising,exercised,exercised,true
exert,exerts,exerting,exerted,exerted,true
exhibit,exhibits,exhibiting,exhibited,exhibited,true
exist,exists,existing,existed,existed,true
expand,expands,expanding,expanded,expanded,true
expect,expects,expecting,expected,expected,true
experience,experiences,experiencing,experienced,experienced,true
experiment,experiments,experimenting,experimented,experimented,true
explain,explains,explaining,explained,explained,true
explode,explodes,exploding,exploded,exploded,true
exploit,exploits,exploiting,exploited,exploited,true
explore,explores,exploring,explored,explored,true
export,exports,exporting,exported,exported,true
expose,exposes,exposing,exposed,exposed,true
express,expresses,expressing,expressed,expressed,true
extend,extends,extending,extended,extended,true
extract,extracts,extracting,extracted,extracted,true
face,faces,facing,faced,faced,true
facilitate,facilitates,facilitating,facilitated,facilitated,true
fade,fades,fading,faded,faded,true
fail,fails,failing,failed,failed,true
fall,falls,falling,fell,fallen,false
fancy,fancies,fancying,fancied,fancied,true
favour,favours,favouring,favoured,favoured,true
fear,fears,fearing,feared,feared,true
feature,features,featuring,featured,featured,true
feel,feels,feeling,felt,felt,false
fetch,fetches,fetching,fetched,fetched,true
fight,fights,fighting,fought,fought,false
figure,figures,figuring,figured,figured,true
file,files,filing,filed,filed,true
fill,fills,filling,filled,filled,true
finance,finances,financing,financed,financed,true
find,finds,finding,found,found,false
finish,finishes,finishing,finished,finished,true
fire,fires,firing,fired,fired,true
fish,fishes,fishing,fished,fished,true
fit,fits,fitting,fitted,fitted,true
fix,fixes,fixing,fixt,fixt,false
flee,flees,fleeing,fled,fled,false
float,floats,floating,floated,floated,true
flourish,flourishes,flourishing,flourished,flourished,true
flow,flows,flowing,flowed,flowed,true
focus,focuses,focusing,focused,focused,true
fold,folds,folding,folded,folded,true
follow,follows,following,followed,followed,true
fool,fools,fooling,fooled,fooled,true
force,forces,forcing,forced,forced,true
forecast,forecasts,forecasting,forecast,forecast,false
forget,forgets,forgetting,forgot,forgotten,false
forgive,forgives,forgiving,forgave,forgiven,false
form,forms,forming,formed,formed,true
formulate,formulates,formulating,formulated,formulated,true
foster,fosters,fostering,fostered,fostered,true
free,frees,freeing,freed,freed,true
freeze,freezes,freezing,froze,frozen,false
frighten,frightens,frightening,frightened,frightened,true
fry,fries,frying,fried,fried,true
fuck,fucks,fucking,fucked,fucked,true
fulfil,fulfils,fulfilling,fulfilled,fulfilled,true
function,functions,functioning,functioned,functioned,true
fund,funds,funding,funded,funded,true
gain,gains,gaining,gained,gained,true
gather,gathers,gathering,gathered,gathered,true
generate,generates,generating,generated,generated,true
get,gets,getting,got,got,false
give,gives,giving,gave,given,false
go,goes,going,went,gone,false
govern,governs,governing,governed,governed,true
grab,grabs,grabbing,grabbed,grabbed,true
grade,grades,grading,graded,graded,true
grant,grants,granting,granted,granted,true
grasp,grasps,grasping,grasped,grasped,true
greet,greets,greeting,greeted,greeted,true
grow,grows,growing,grew,grown,false
guarantee,guarantees,guaranteeing,guaranteed,guaranteed,true
guard,guards,guarding,guarded,guarded,true
guess,guesses,guessing,guessed,guessed,true
guide,guides,guiding,guided,guided,true
halt,halts,halting,halted,halted,true
hand,hands,handing,handed,handed,true
handle,handles,handling,handled,handled,true
hang,hangs,hanging,hung,hung,false
happen,happens,happening,happened,happened,true
harm,harms,harming,harmed,harmed,true
hate,hates,hating,hated,hated,true
head,heads,heading,headed,headed,true
heal,heals,healing,hole,holen,false
hear,hears,hearing,heard,heard,false
heat,heats,heating,heated,heated,true
help,helps,helping,helped,helped,true
hesitate,hesitates,hesitating,hesitated,hesitated,true
hide,hides,hiding,hid,hidden,false
highlight,highlights,highlighting,highlighted,highlighted,true
hire,hires,hiring,hired,hired,true
hit,hits,hitting,hit,hit,false
hold,holds,holding,held,held,false
honour,honours,honouring,honoured,honoured,true
hope,hopes,hoping,hoped,hoped,true
host,hosts,hosting,hosted,hosted,true
house,houses,housing,housed,housed,true
hunt,hunts,hunting,hunted,hunted,true
hurry,hurries,hurrying,hurried,hurried,true
hurt,hurts,hurting,hurt,hurt,false
identify,identifies,identifying,identified,identified,true
ignore,ignores,ignoring,ignored,ignored,true
illustrate,illustrates,illustrating,illustrated,illustrated,true
imagine,imagines,imagining,imagined,imagined,true
implement,implements,implementing,implemented,implemented,true
imply,implies,implying,implied,implied,true
import,imports,importing,imported,imported,true
impose,imposes,imposing,imposed,imposed,true
impress,impresses,impressing,impressed,impressed,true
improve,improves,improving,improved,improved,true
in,ins,inning,inned,inned,true
include,includes,including,included,included,true
incorporate,incorporates,incorporating,incorporated,incorporated,true
increase,increases,increasing,increased,increased,true
indicate,indicates,indicating,indicated,indicated,true
induce,induces,inducing,induced,induced,true
indulge,indulges,indulging,indulged,indulged,true
influence,influences,influencing,influenced,influenced,true
inform,informs,informing,informed,informed,true
inherit,inherits,inheriting,inherited,inherited,true
inhibit,inhibits,inhibiting,inhibited,inhibited,true
initiate,initiates,initiating,initiated,initiated,true
insert,inserts,inserting,inserted,inserted,true
insist,insists,insisting,insisted,insisted,true
inspect,inspects,inspecting,inspected,inspected,true
inspire,inspires,inspiring,inspired,inspired,true
install,installs,installing,installed,installed,true
instruct,instructs,instructing,instructed,instructed,true
integrate,integrates,integrating,integrated,integrated,true
intend,intends,intending,intended,intended,true
interact,interacts,interacting,interacted,interacted,true
interest,interests,interesting,interested,interested,true
interfere,interferes,interfering,interfered,interfered,true
interpret,interprets,interpreting,interpreted,interpreted,true
interrupt,interrupts,interrupting,interrupted,interrupted,true
intervene,intervenes,intervening,intervened,intervened,true
interview,interviews,interviewing,interviewed,interviewed,true
introduce,introduces,introducing,introduced,introduced,true
invent,invents,inventing,invented,invented,true
invest,invests,investing,invested,invested,true
investigate,investigates,investigating,investigated,investigated,true
invite,invites,inviting,invited,invited,true
involve,involves,involving,involved,involved,true
isolate,isolates,isolating,isolated,isolated,true
issue,issues,issuing,issued,issued,true
join,joins,joining,joined,joined,true
judge,judges,judging,judged,judged,true
jump,jumps,jumping,jumped,jumped,true
justify,justifies,justifying,justified,justified,true
keep,keeps,keeping,kept,kept,false
kick,kicks,kicking,kicked,kicked,true
kill,kills,killing,killed,killed,true
kiss,kisses,kissing,kissed,kissed,true
knit,knits,knitting,knit,knit,false
knock,knocks,knocking,knocked,knocked,true
know,knows,knowing,knew,known,false
lack,lacks,lacking,lacked,lacked,true
land,lands,landing,landed,landed,true
last,lasts,lasting,lasted,lasted,true
laugh,laughs,laughing,laughed,laughed,true
launch,launches,launching,launched,launched,true
lead,leads,leading,leaded,leaded,true
lean,leans,leaning,leaned,leaned,true
leap,leaps,leaping,leaped,leaped,true
learn,learns,learning,learned,learned,true
leave,leaves,leaving,left,left,false
lend,lends,lending,lent,lent,false
let,lets,letting,let,let,false
level,levels,leveling,leveled,leveled,true
lie,lies,lying,lay,lain,false
lift,lifts,lifting,lifted,lifted,true
light,lights,lighting,lit,lit,false
like,likes,liking,liked,liked,true
limit,limits,limiting,limited,limited,true
line,lines,lining,lined,lined,true
link,links,linking,linked,linked,true
list,lists,listing,listed,listed,true
listen,listens,listening,listened,listened,true
live,lives,living,lived,lived,false
load,loads,loading,loaded,loaded,true
locate,locates,locating,located,located,true
lock,locks,locking,locked,locked,true
look,looks,looking,looked,looked,true
lose,loses,losing,lost,lost,false
love,loves,loving,loved,loved,true
machine,machines,machining,machined,machined,true
maintain,maintains,maintaining,maintained,maintained,true
make,makes,making,made,made,false
manage,manages,managing,managed,managed,true
manipulate,manipulates,manipulating,manipulated,manipulated,true
manufacture,manufactures,manufacturing,manufactured,manufactured,true
march,marches,marching,marched,marched,true
mark,marks,marking,marked,marked,true
market,markets,marketing,marketed,marketed,true
marry,marries,marrying,married,married,true
master,masters,mastering,mastered,mastered,true
match,matches,matching,matched,matched,true
mature,matures,maturing,matured,matured,true
measure,measures,measuring,measured,measured,true
meet,meets,meeting,met,met,false
melt,melts,melting,melted,melted,true
mention,mentions,mentioning,mentioned,mentioned,true
merge,merges,merging,merged,merged,true
mind,minds,minding,minded,minded,true
minimise,minimises,minimising,minimised,minimised,true
minister,ministers,ministering,ministered,ministered,true
miss,misses,missing,missed,missed,true
mix,mixes,mixing,mixed,mixed,true
modify,modifies,modifying,modified,modified,true
monitor,monitors,monitoring,monitored,monitored,true
mount,mounts,mounting,mounted,mounted,true
move,moves,moving,moved,moved,true
multiply,multiplies,multiplying,multiplied,multiplied,true
murder,murders,murdering,murdered,murdered,true
name,names,naming,named,named,true
need,needs,needing,needed,needed,true
negotiate,negotiates,negotiating,negotiated,negotiated,true
note,notes,noting,noted,noted,true
notice,notices,noticing,noticed,noticed,true
notify,notifies,notifying,notified,notified,true
obey,obeys,obeying,obeyed,obeyed,true
object,objects,objecting,objected,objected,true
obscure,obscures,obscuring,obscured,obscured,true
observe,observes,observing,observed,observed,true
obtain,obtains,obtaining,obtained,obtained,true
occupy,occupies,occupying,occupied,occupied,true
occur,occurs,occurring,occurred,occurred,true
offer,offers,offering,offered,offered,true
offset,offsets,offsetting,offset,offset,false
open,opens,opening,opened,opened,true
operate,operates,operating,operated,operated,true
oppose,opposes,opposing,opposed,opposed,true
opt,opts,opting,opted,opted,true
order,orders,ordering,ordered,ordered,true
organise,organises,organising,organised,organised,true
outline,outlines,outlining,outlined,outlined,true
overcome,overcomes,overcoming,overcame,overcome,false
overlook,overlooks,overlooking,overlooked,overlooked,true
owe,owes,owing,owed,owed,true
own,owns,owning,owned,owned,false
pack,packs,packing,packed,packed,true
paint,paints,painting,painted,painted,true
park,parks,parking,parked,parked,true
participate,participates,participating,participated,participated,true
pass,passes,passing,passed,passed,true
pause,pauses,pausing,paused,paused,true
pay,pays,paying,paid,paid,false
penetrate,penetrates,penetrating,penetrated,penetrated,true
perceive,perceives,perceiving,perceived,perceived,true
perform,performs,performing,performed,performed,true
permit,permits,permitting,permitted,permitted,true
persist,persists,persisting,persisted,persisted,true
persuade,persuades,persuading,persuaded,persuaded,true
phone,phones,phoning,phoned,phoned,true
pick,picks,picking,picked,picked,true
picture,pictures,picturing,pictured,pictured,true
pin,pins,pinning,pinned,pinned,true
place,places,placing,placed,placed,true
plan,plans,planning,planned,planned,true
plant,plants,planting,planted,planted,true
play,plays,playing,played,played,true
plead,pleads,pleading,pleaded,pleaded,true
please,pleases,pleasing,pleased,pleased,true
plug,plugs,plugging,plugged,plugged,true
point,points,pointing,pointed,pointed,true
pop,pops,popping,popped,popped,true
pose,poses,posing,posed,posed,true
position,positions,positioning,positioned,positioned,true
possess,possesses,possessing,possessed,possessed,true
postpone,postpones,postponing,postponed,postponed,true
pour,pours,pouring,poured,poured,true
practise,practises,practising,practised,practised,true
praise,praises,praising,praised,praised,true
pray,prays,praying,prayed,prayed,true
predict,predicts,predicting,predicted,predicted,true
prefer,prefers,preferring,preferred,preferred,true
prepare,prepares,preparing,prepared,prepared,true
present,presents,presenting,presented,presented,true
preserve,preserves,preserving,preserved,preserved,true
press,presses,pressing,pressed,pressed,true
presume,presumes,presuming,presumed,presumed,true
pretend,pretends,pretending,pretended,pretended,true
prevail,prevails,prevailing,prevailed,prevailed,true
prevent,prevents,preventing,prevented,prevented,true
price,prices,pricing,priced,priced,true
print,prints,printing,printed,printed,true
proceed,proceeds,proceeding,proceeded,proceeded,true
process,processes,processing,processed,processed,true
produce,produces,producing,produced,produced,true
profit,profits,profiting,profited,profited,true
progress,progresses,progressing,progressed,progressed,true
project,projects,projecting,projected,projected,true
promise,promises,promising,promised,promised,true
promote,promotes,promoting,promoted,promoted,true
propose,proposes,proposing,proposed,proposed,true
protect,protects,protecting,protected,protected,true
protest,protests,protesting,protested,protested,true
prove,proves,proving,proved,proved,true
provide,provides,providing,provided,provided,true
provoke,provokes,provoking,provoked,provoked,true
publish,publishes,publishing,published,published,true
pull,pulls,pulling,pulled,pulled,true
punish,punishes,punishing,punished,punished,true
purchase,purchases,purchasing,purchased,purchased,true
pursue,pursues,pursuing,pursued,pursued,true
push,pushes,pushing,pushed,pushed,true
put,puts,putting,put,put,false
qualify,qualifies,qualifying,qualified,qualified,true
question,questions,questioning,questioned,questioned,true
quit,quits,quitting,quit,quit,false
quote,quotes,quoting,quoted,quoted,true
race,races,racing,raced,raced,true
raise,raises,raising,raised,raised,true
range,ranges,ranging,ranged,ranged,true
reach,reaches,reaching,reached,reached,true
react,reacts,reacting,reacted,reacted,true
read,reads,reading,read,read,false
realise,realises,realising,realised,realised,true
realize,realizes,realizing,realized,realized,true
reassure,reassures,reassuring,reassured,reassured,true
rebuild,rebuilds,rebuilding,rebuilt,rebuilt,false
recall,recalls,recalling,recalled,recalled,true
receive,receives,receiving,received,received,true
reckon,reckons,reckoning,reckoned,reckoned,true
recognise,recognises,recognising,recognised,recognised,true
recognize,recognizes,recognizing,recognized,recognized,true
recommend,recommends,recommending,recommended,recommended,true
reconcile,reconciles,reconciling,reconciled,reconciled,true
reconsider,reconsiders,reconsidering,reconsidered,reconsidered,true
record,records,recording,recorded,recorded,true
recover,recovers,recovering,recovered,recovered,true
recruit,recruits,recruiting,recruited,recruited,true
reduce,reduces,reducing,reduced,reduced,true
refer,refers,referring,referred,referred,true
reflect,reflects,reflecting,reflected,reflected,true
reform,reforms,reforming,reformed,reformed,true
refuse,refuses,refusing,refused,refused,true
regain,regains,regaining,regained,regained,true
regard,regards,regarding,regarded,regarded,true
register,registers,registering,registered,registered,true
regret,regrets,regretting,regretted,regretted,true
regulate,regulates,regulating,regulated,regulated,true
reinforce,reinforces,reinforcing,reinforced,reinforced,true
reject,rejects,rejecting,rejected,rejected,true
relate,relates,relating,related,related,true
relax,relaxes,relaxing,relaxed,relaxed,true
release,releases,releasing,released,released,true
relieve,relieves,relieving,relieved,relieved,true
rely,relies,relying,relied,relied,true
remain,remains,remaining,remained,remained,true
remedy,remedies,remedying,remedied,remedied,true
remember,remembers,remembering,remembered,remembered,true
remind,reminds,reminding,reminded,reminded,true
remove,removes,removing,removed,removed,true
render,renders,rendering,rendered,rendered,true
renew,renews,renewing,renewed,renewed,true
repair,repairs,repairing,repaired,repaired,true
repay,repays,repaying,repaid,repaid,true
repeat,repeats,repeating,repeated,repeated,true
replace,replaces,replacing,replaced,replaced,true
reply,replies,replying,replied,replied,true
report,reports,reporting,reported,reported,true
represent,represents,representing,represented,represented,true
reproduce,reproduces,reproducing,reproduced,reproduced,true
request,requests,requesting,requested,requested,true
require,requires,requiring,required,required,true
rescue,rescues,rescuing,rescued,rescued,true
research,researches,researching,researched,researched,true
resemble,resembles,resembling,resembled,resembled,true
reserve,reserves,reserving,reserved,reserved,true
resign,resigns,resigning,resigned,resigned,true
resist,resists,resisting,resisted,resisted,true
resolve,resolves,resolving,resolved,resolved,true
resource,resources,resourcing,resourced,resourced,true
respect,respects,respecting,respected,respected,true
respond,responds,responding,responded,responded,true
rest,rests,resting,rested,rested,true
restore,restores,restoring,restored,restored,true
restrain,restrains,restraining,restrained,restrained,true
restrict,restricts,restricting,restricted,restricted,true
result,results,resulting,resulted,resulted,true
resume,resumes,resuming,resumed,resumed,true
retain,retains,retaining,retained,retained,true
retire,retires,retiring,retired,retired,true
retrieve,retrieves,retrieving,retrieved,retrieved,true
return,returns,returning,returned,returned,true
reveal,reveals,revealing,revealed,revealed,true
reverse,reverses,reversing,reversed,reversed,true
revert,reverts,reverting,reverted,reverted,true
review,reviews,reviewing,reviewed,reviewed,true
revise,revises,revising,revised,revised,true
revive,revives,reviving,revived,revived,true
rid,rids,ridding,rid,rid,false
ride,rides,riding,rode,ridden,false
ring,rings,ringing,ringed,ringed,true
rise,rises,rising,rose,risen,false
risk,risks,risking,risked,risked,true
roll,rolls,rolling,rolled,rolled,true
round,rounds,rounding,rounded,rounded,true
row,rows,rowing,rowed,rowed,true
rub,rubs,rubbing,rubbed,rubbed,true
ruin,ruins,ruining,ruined,ruined,true
rule,rules,ruling,ruled,ruled,true
run,runs,running,ran,run,false
rush,rushes,rushing,rushed,rushed,true
safeguard,safeguards,safeguarding,safeguarded,safeguarded,true
sail,sails,sailing,sailed,sailed,true
satisfy,satisfies,satisfying,satisfied,satisfied,true
save,saves,saving,saved,saved,true
say,says,saying,said,said,false
score,scores,scoring,scored,scored,true
scratch,scratches,scratching,scratched,scratched,true
scream,screams,screaming,screamed,screamed,true
seal,seals,sealing,sealed,sealed,true
search,searches,searching,searched,searched,true
secure,secures,securing,secured,secured,true
see,sees,seeing,saw,seen,false
seek,seeks,seeking,sought,sought,false
seem,seems,seeming,seemed,seemed,true
seize,seizes,seizing,seized,seized,true
select,selects,selecting,selected,selected,true
sell,sells,selling,sold,sold,false
send,sends,sending,sent,sent,false
sense,senses,sensing,sensed,sensed,true
separate,separates,separating,separated,separated,true
serve,serves,serving,served,served,true
service,services,servicing,serviced,serviced,true
set,sets,setting,set,set,false
settle,settles,settling,settled,settled,true
shake,shakes,shaking,shook,shaken,false
shape,shapes,shaping,shaped,shaped,true
share,shares,sharing,shared,shared,true
shed,sheds,shedding,shed,shed,false
shift,shifts,shifting,shifted,shifted,true
shine,shines,shining,shone,shone,false
ship,ships,shipping,shipped,shipped,true
shoot,shoots,shooting,shot,shot,false
shop,shops,shopping,shopped,shopped,true
shout,shouts,shouting,shouted,shouted,true
show,shows,showing,showed,shown,false
shut,shuts,shutting,shut,shut,false
sign,signs,signing,signed,signed,true
signal,signals,signalling,signalled,signalled,true
sing,sings,singing,sang,sung,false
sink,sinks,sinking,sank,sunk,false
sit,sits,sitting,sat,sat,false
sleep,sleeps,sleeping,slept,slept,false
slide,slides,sliding,slid,slid,false
slip,slips,slipping,slipped,slipped,true
slow,slows,slowing,slowed,slowed,true
smell,smells,smelling,smelled,smelled,true
smile,smiles,smiling,smiled,smiled,true
smoke,smokes,smoking,smoked,smoked,true
snap,snaps,snapping,snapped,snapped,true
soften,softens,softening,softened,softened,true
solve,solves,solving,solved,solved,true
sort,sorts,sorting,sorted,sorted,true
sound,sounds,sounding,sounded,sounded,true
spare,spares,sparing,spared,spared,true
speak,speaks,speaking,spoke,spoken,false
specify,specifies,specifying,specified,specified,true
speculate,speculates,speculating,speculated,speculated,true
speed,speeds,speeding,sped,sped,false
spell,spells,spelling,spelled,spelled,true
spend,spends,spending,spent,spent,false
spill,spills,spilling,spilled,spilled,true
spin,spins,spinning,spun,spun,false
split,splits,splitting,split,split,false
spoil,spoils,spoiling,spoiled,spoiled,true
spot,spots,spotting,spotted,spotted,true
spread,spreads,spreading,spread,spread,false
spring,springs,springing,sprang,sprung,false
squeeze,squeezes,squeezing,squeezed,squeezed,true
stand,stands,standing,stood,stood,false
stare,stares,staring,stared,stared,true
start,starts,starting,started,started,true
state,states,stating,stated,stated,true
stay,stays,staying,stayed,stayed,true
steal,steals,stealing,stole,stolen,false
steer,steers,steering,steered,steered,true
stem,stems,stemming,stemmed,stemmed,true
step,steps,stepping,stepped,stepped,true
stick,sticks,sticking,sticked,sticked,true
stimulate,stimulates,stimulating,stimulated,stimulated,true
stir,stirs,stirring,stirred,stirred,true
stock,stocks,stocking,stocked,stocked,true
stop,stops,stopping,stopped,stopped,true
store,stores,storing,stored,stored,true
strain,strains,straining,strained,strained,true
strengthen,strengthens,strengthening,strengthened,strengthened,true
stress,stresses,stressing,stressed,stressed,true
stretch,stretches,stretching,stretched,stretched,true
strike,strikes,striking,struck,struck,false
strip,strips,stripping,stripped,stripped,true
strive,strives,striving,strove,striven,false
struggle,struggles,struggling,struggled,struggled,true
study,studies,studying,studied,studied,true
submit,submits,submitting,submitted,submitted,true
subscribe,subscribes,subscribing,subscribed,subscribed,true
substitute,substitutes,substituting,substituted,substituted,true
succeed,succeeds,succeeding,succeeded,succeeded,true
suck,sucks,sucking,sucked,sucked,true
sue,sues,suing,sued,sued,true
suffer,suffers,suffering,suffered,suffered,true
suffice,suffices,sufficing,sufficed,sufficed,true
suggest,suggests,suggesting,suggested,suggested,true
suit,suits,suiting,suited,suited,true
summon,summons,summoning,summoned,summoned,true
supervise,supervises,supervising,supervised,supervised,true
supplement,supplements,supplementing,supplemented,supplemented,true
supply,supplies,supplying,supplied,supplied,true
support,supports,supporting,supported,supported,true
suppose,supposes,supposing,supposed,supposed,true
suppress,suppresses,suppressing,suppressed,suppressed,true
surprise,surprises,surprising,surprised,surprised,true
surrender,surrenders,surrendering,surrendered,surrendered,true
surround,surrounds,surrounding,surrounded,surrounded,true
survive,survives,surviving,survived,survived,true
suspect,suspects,suspecting,suspected,suspected,true
suspend,suspends,suspending,suspended,suspended,true
sustain,sustains,sustaining,sustained,sustained,true
swallow,swallows,swallowing,swallowed,swallowed,true
swap,swaps,swapping,swapped,swapped,true
swear,swears,swearing,swore,sworn,false
sweep,sweeps,sweeping,swept,swept,false
swim,swims,swimming,swam,swum,false
swing,swings,swinging,swang,swung,false
switch,switches,switching,switched,switched,true
tackle,tackles,tackling,tackled,tackled,true
take,takes,taking,took,taken,false
talk,talks,talking,talked,talked,true
tap,taps,tapping,tapped,tapped,true
taste,tastes,tasting,tasted,tasted,true
tax,taxes,taxing,taxed,taxed,true
teach,teaches,teaching,taught,taught,false
tear,tears,tearing,tore,torn,false
telephone,telephones,telephoning,telephoned,telephoned,true
tell,tells,telling,told,told,false
tend,tends,tending,tended,tended,true
terminate,terminates,terminating,terminated,terminated,true
test,tests,testing,tested,tested,true
thank,thanks,thanking,thanked,thanked,true
think,thinks,thinking,thought,thought,false
threaten,threatens,threatening,threatened,threatened,true
thrive,thrives,thriving,throve,thriven,false
throw,throws,throwing,threw,thrown,false
thrust,thrusts,thrusting,thrust,thrust,false
tick,ticks,ticking,ticked,ticked,true
tie,ties,tying,tied,tied,true
tighten,tightens,tightening,tightened,tightened,true
time,times,timing,timed,timed,true
tip,tips,tipping,tipped,tipped,true
tolerate,tolerates,tolerating,tolerated,tolerated,true
top,tops,topping,topped,topped,true
touch,touches,touching,touched,touched,true
tour,tours,touring,toured,toured,true
trace,traces,tracing,traced,traced,true
track,tracks,tracking,tracked,tracked,true
trade,trades,trading,traded,traded,true
train,trains,training,trained,trained,true
transfer,transfers,transferring,transferred,transferred,true
transform,transforms,transforming,transformed,transformed,true
translate,translates,translating,translated,translated,true
transport,transports,transporting,transported,transported,true
trap,traps,trapping,trapped,trapped,true
travel,travels,travelling,travelled,travelled,true
treat,treats,treating,treated,treated,true
trust,trusts,trusting,trusted,trusted,true
try,tries,trying,tried,tried,true
turn,turns,turning,turned,turned,true
twist,twists,twisting,twisted,twisted,true
undergo,undergoes,undergoing,underwent,undergone,false
undermine,undermines,undermining,undermined,undermined,true
understand,understands,understanding,understood,understood,false
undertake,undertakes,undertaking,undertook,undertaken,false
unite,unites,uniting,united,united,true
update,updates,updating,updated,updated,true
upgrade,upgrades,upgrading,upgraded,upgraded,true
upset,upsets,upsetting,upset,upset,true
urge,urges,urging,urged,urged,true
use,uses,using,used,used,true
value,values,valuing,valued,valued,true
vary,varies,varying,varied,varied,true
venture,ventures,venturing,ventured,ventured,true
view,views,viewing,viewed,viewed,true
visit,visits,visiting,visited,visited,true
voice,voices,voicing,voiced,voiced,true
vote,votes,voting,voted,voted,true
wait,waits,waiting,waited,waited,true
wake,wakes,waking,woke,woken,true
walk,walks,walking,walked,walked,true
wander,wanders,wandering,wandered,wandered,true
want,wants,wanting,wanted,wanted,true
warm,warms,warming,warmed,warmed,true
warn,warns,warning,warned,warned,true
warrant,warrants,warranting,warranted,warranted,true
wash,washes,washing,washed,washed,true
waste,wastes,wasting,wasted,wasted,true
watch,watches,watching,watched,watched,true
wave,waves,waving,waved,waved,true
weaken,weakens,weakening,weakened,weakened,true
wear,wears,wearing,wore,worn,false
wed,weds,wedding,wed,wed,false
weigh,weighs,weighing,weighed,weighed,true
welcome,welcomes,welcoming,welcomed,welcomed,true
widen,widens,widening,widened,widened,true
win,wins,winning,won,won,false
wind,winds,winding,winded,winded,true
wipe,wipes,wiping,wiped,wiped,true
wish,wishes,wishing,wished,wished,true
withdraw,withdraws,withdrawing,withdrew,withdrawn,false
withstand,withstands,withstanding,withstood,withstood,false
witness,witnesses,witnessing,witnessed,witnessed,true
wonder,wonders,wondering,wondered,wondered,true
work,works,working,worked,worked,true
worry,worries,worrying,worried,worried,true
wrap,wraps,wrapping,wrapped,wrapped,true
write,writes,writing,wrote,written,false
yield,yields,yielding,yielded,yielded,true